<workflow-app name="Socio_Data_Archival_wf" xmlns="uri:oozie:workflow:0.4">
    <credentials>
    <credential name='hcat_creds' type='hcat'>
        <property>
            <name>hcat.metastore.uri</name>
            <value>thrift://dc3prdgenarc3.internal.vodafone.com:9083</value>
        </property>
        <property>
            <name>hcat.metastore.principal</name>
            <value>hive/dc3prdgenarc3.internal.vodafone.com@VIL.COM</value>
        </property>
    </credential>
    </credentials>
    <start to="Check_Prerequisite"/>
	
<!-- ########################################## check pre-requisite action ########################################## -->    

    <action name="Check_Prerequisite">
        <shell xmlns="uri:oozie:shell-action:0.2">
        <job-tracker>${jobTracker}</job-tracker>
        <name-node>${nameNode}</name-node>
        <configuration>
            <property>
            <name>mapred.job.queue.name</name>
            <value>${queueName}</value>
            </property>
        </configuration>
        <exec>${Check_Prerequisite_scriptpath}</exec>
        <argument>${wf:id()}         </argument>
        <argument>${MysqlDatabaseType}    </argument>
        <argument>${MysqlHostAddress}     </argument>
        <argument>${MysqlHostPortNumber}  </argument>
        <argument>${MysqldatabaseName}    </argument>
        <argument>${MysqldatabaseUserName}</argument>
        <argument>${MysqldatabasePassword}</argument>
        <argument>${databaseDriver}    </argument>
        <argument>${hiveHostName}    </argument>
        <argument>${hivePortNo}      </argument>
        <argument>${hiveUserName}    </argument>
        <argument>${hivePassCode}    </argument>
        <argument>${impalaPortNo}    </argument>
        <argument>${LocalMysqlHostAddress} </argument>
        <argument>${LocalMysqlUser}        </argument>
        <argument>${LocalMysqlPass}        </argument>
        <env-var>HADOOP_USER_NAME=${wf:user()}</env-var>
        <file>${Check_Prerequisite_scriptpath}#${Check_Prerequisite_scriptname}</file>
        <capture-output/>
        </shell>
        <ok to="check_output_Check_Prerequisite"/>
        <error to="central_log_Check_Prerequisite"/>
    </action>
    <decision name="check_output_Check_Prerequisite">
        <switch>
            <case to="kill">
                ${wf:actionData('Check_Prerequisite')['Check_Prerequisite'] eq 'FAILED'}
            </case>
            <default to="central_log_Check_Prerequisite"/>
        </switch>
    </decision>
    <action name="central_log_Check_Prerequisite">
        <shell xmlns="uri:oozie:shell-action:0.1">
            <job-tracker>${jobTracker}</job-tracker>
            <name-node>${nameNode}</name-node>
            <configuration>
                <property>
                    <name>oozie.use.system.libpath</name>
                    <value>true</value>
                </property>
                <property>
                    <name>queueName</name>
                    <value>default</value>
                </property>
            </configuration>
            <exec>${central_log_scriptpath}</exec>
              <argument>${wf:id()}</argument>
              <argument>Check_Prerequisite</argument>
              <argument>${wf:actionExternalStatus(wf:lastErrorNode())}</argument>
              <argument>${wf:errorCode(wf:lastErrorNode())}</argument>
              <argument>${wf:errorMessage(wf:lastErrorNode())}</argument>
              <argument>${wf:actionExternalId("Check_Prerequisite")}</argument>
              <argument>${hiveHostName} </argument>
              <argument>${hivePortNo}   </argument>
              <argument>${hiveUserName} </argument>
              <argument>${hivePassCode} </argument>
              <argument>${impalaPortNo} </argument>
              <argument>${LocalMysqlHostAddress} </argument>
              <argument>${LocalMysqlUser} </argument>
              <argument>${LocalMysqlPass} </argument>
            <env-var>HADOOP_USER_NAME=${wf:user()}</env-var>
            <file>${central_log_scriptpath}#${central_log_scriptname}</file>
            <capture-output/>
        </shell>
        <ok to="check_output_central_log1"/>
        <error to="kill"/>
    </action>

    <decision name="check_output_central_log1">
        <switch>
            <case to="kill">
                ${wf:actionData('central_log_Check_Prerequisite')['Previous_Action'] eq 'FAILED'}
            </case>
            <default to="RunIdCreation"/>
        </switch>
    </decision>
<!-- ########################################## Run Id creation action ########################################## -->
    <action name="RunIdCreation">
        <shell xmlns="uri:oozie:shell-action:0.2">
            <job-tracker>${jobTracker}</job-tracker>
            <name-node>${nameNode}</name-node>
            <configuration>
                <property>
                    <name>mapred.job.queue.name</name>
                    <value>${queueName}</value>
                </property>
            </configuration>
            <exec>${run_id_creation_scriptpath}</exec>
            <argument>${wf:id()}         </argument>
            <argument>${hiveHostName}    </argument>
            <argument>${hivePortNo}      </argument>
            <argument>${hiveUserName}    </argument>
            <argument>${hivePassCode}    </argument>
            <argument>${impalaPortNo}    </argument>
            <argument>${LocalMysqlHostAddress}    </argument>
            <argument>${LocalMysqlUser}    </argument>
            <argument>${LocalMysqlPass}    </argument>
            <env-var>HADOOP_USER_NAME=${wf:user()}</env-var>
            <file>${run_id_creation_scriptpath}#${run_id_creation_scriptname}</file>
        </shell>
        <ok to="central_log_run_id_creation"/>
        <error to="central_log_run_id_creation"/>
    </action>
    <action name="central_log_run_id_creation">
        <shell xmlns="uri:oozie:shell-action:0.1">
            <job-tracker>${jobTracker}</job-tracker>
            <name-node>${nameNode}</name-node>
            <configuration>
                <property>
                    <name>oozie.use.system.libpath</name>
                    <value>true</value>
                </property>
                <property>
                    <name>queueName</name>
                    <value>default</value>
                </property>
            </configuration>
            <exec>${central_log_scriptpath}</exec>
              <argument>${wf:id()}</argument>
              <argument>RunIdCreation</argument>
              <argument>${wf:actionExternalStatus(wf:lastErrorNode())}</argument>
              <argument>${wf:errorCode(wf:lastErrorNode())}</argument>
              <argument>${wf:errorMessage(wf:lastErrorNode())}</argument>
              <argument>${wf:actionExternalId("RunIdCreation")}</argument>
              <argument>${hiveHostName}</argument>
              <argument>${hivePortNo}</argument>
              <argument>${hiveUserName}</argument>
              <argument>${hivePassCode}</argument>
              <argument>${impalaPortNo}</argument>
              <argument>${LocalMysqlHostAddress} </argument>
              <argument>${LocalMysqlUser} </argument>
              <argument>${LocalMysqlPass} </argument>
            <env-var>HADOOP_USER_NAME=${wf:user()}</env-var>
            <file>${central_log_scriptpath}#${central_log_scriptname}</file>
            <capture-output/>
        </shell>
        <ok to="check_output_central_log2"/>
        <error to="kill"/>
    </action>

    <decision name="check_output_central_log2">
        <switch>
            <case to="kill">
                ${wf:actionData('central_log_run_id_creation')['Previous_Action'] eq 'FAILED'}
            </case>
            <default to="Load_archival_data"/>
        </switch>
    </decision>
	
<!-- ########################################## Loading of Archival data ########################################## -->
    <action name="Load_archival_data">
        <shell xmlns="uri:oozie:shell-action:0.2">
        <job-tracker>${jobTracker}</job-tracker>
        <name-node>${nameNode}</name-node>
        <configuration>
            <property>
                <name>mapred.job.queue.name</name>
                <value>${queueName}</value>
            </property>
        </configuration>
        <exec>${Load_archival_data_scriptpath}</exec>
        <argument>${wf:id()}         </argument>
        <argument>Load_archival_data</argument>
        <argument>${LocalMysqlHostAddress}    </argument>
        <argument>${LocalMysqlUser}    </argument>
        <argument>${LocalMysqlPass}    </argument>
        <argument>${MysqldatabaseName}    </argument>
        <argument>${MysqlHostAddress}     </argument>
        <argument>${MysqlHostPortNumber}  </argument>
        <argument>${MysqldatabaseUserName}</argument>
        <argument>${MysqldatabasePassword}</argument>
        <argument>${PreArchivalTableNameList}</argument>
        <argument>${archival_action_value} </argument>
        <argument>${archival_interval_value} </argument>
        <env-var>HADOOP_USER_NAME=${wf:user()}</env-var>
        <file>${Load_archival_data_scriptpath}#${Load_archival_data_scriptname}</file>
        <capture-output/>
        </shell>
        <ok to="check_output_load_archival_data"/>
        <error to="central_log_load_archival_data"/>
    </action>
    <decision name="check_output_load_archival_data">
        <switch>
            <case to="kill">
                ${wf:actionData('Load_archival_data')['loadArchivalData'] eq 'FAILED'}
            </case>
            <default to="central_log_load_archival_data"/>
        </switch>
    </decision>
    <action name="central_log_load_archival_data">
        <shell xmlns="uri:oozie:shell-action:0.1">
            <job-tracker>${jobTracker}</job-tracker>
            <name-node>${nameNode}</name-node>
            <configuration>
                <property>
                    <name>oozie.use.system.libpath</name>
                    <value>true</value>
                </property>
                <property>
                    <name>queueName</name>
                    <value>default</value>
                </property>
            </configuration>
            <exec>${central_log_scriptpath}</exec>
              <argument>${wf:id()}</argument>
              <argument>Load_archival_data</argument>
              <argument>${wf:actionExternalStatus(wf:lastErrorNode())}</argument>
              <argument>${wf:errorCode(wf:lastErrorNode())}</argument>
              <argument>${wf:errorMessage(wf:lastErrorNode())}</argument>
              <argument>${wf:actionExternalId("Load_archival_data")}</argument>
              <argument>${hiveHostName}</argument>
              <argument>${hivePortNo}</argument>
              <argument>${hiveUserName}</argument>
              <argument>${hivePassCode}</argument>
              <argument>${impalaPortNo}</argument>
              <argument>${LocalMysqlHostAddress} </argument>
              <argument>${LocalMysqlUser} </argument>
              <argument>${LocalMysqlPass} </argument>
            <env-var>HADOOP_USER_NAME=${wf:user()}</env-var>
            <file>${central_log_scriptpath}#${central_log_scriptname}</file>
            <capture-output/>
        </shell>
        <ok to="check_output_central_log3"/>
        <error to="kill"/>
    </action>

    <decision name="check_output_central_log3">
        <switch>
            <case to="kill">
                ${wf:actionData('central_log_load_archival_data')['Previous_Action'] eq 'FAILED'}
            </case>
            <default to="fork_sqoop_import_all_table_flow"/>
        </switch>
    </decision>
	
<!-- ########################################## Fork six jobs ########################################## -->
    <fork name="fork_sqoop_import_all_table_flow">
        <path start="sqoop_import_table_set1" />
        <path start="sqoop_import_table_set2" />
        <path start="sqoop_import_table_set3" />
        <path start="sqoop_import_table_set4" />
        <path start="sqoop_import_table_set5" />
        <path start="sqoop_import_table_set6" /> 
    </fork>
	
    <join name="join_sqoop_import_all_table_flow" to="fork_validation_all_table_flow" />
	
<!--########################################## Fork job One Started ##########################################-->
	<action name="sqoop_import_table_set1">
        <shell xmlns="uri:oozie:shell-action:0.2">
            <job-tracker>${jobTracker}</job-tracker>
            <name-node>${nameNode}</name-node>
            <configuration>
                <property>
                    <name>mapred.job.queue.name</name>
                    <value>${queueName}</value>
                </property>
            </configuration>
            <exec>${import_all_table_scriptpath}</exec>
            <argument>${wf:id()}         </argument>
            <argument>${MysqlDatabaseType}    </argument>
            <argument>${MysqlHostAddress}     </argument>
            <argument>${MysqlHostPortNumber}  </argument>
            <argument>${MysqldatabaseUserName}</argument>
            <argument>${MysqldatabasePassword}</argument>
            <argument>${databaseDriver}  </argument>
            <argument>${numberOfmapper}  </argument>
            <argument>${tableNameList1}   </argument>
            <argument>${hiveHostName}    </argument>
            <argument>${hivePortNo}      </argument>
            <argument>${hiveUserName}    </argument>
            <argument>${hivePassCode}    </argument>
            <argument>${impalaPortNo} </argument>
            <argument>${LocalMysqlHostAddress} </argument>
            <argument>${LocalMysqlUser} </argument>
            <argument>${LocalMysqlPass} </argument>
            <argument>sqoop_import_table_set1</argument>
            <env-var>HADOOP_USER_NAME=${wf:user()}</env-var>
            <file>${import_all_table_scriptpath}#${import_all_table_scriptname}</file>
            <archive>${mysql_jar_path}#mysql-connector-java.jar</archive>
            <capture-output/>
        </shell>
       <ok to="check_output_import_all_table_set1"/>
        <error to="central_log_import_all_table_set1"/>
    </action>
    <decision name="check_output_import_all_table_set1">
        <switch>
            <case to="kill">
                ${wf:actionData('sqoop_import_table_set1')['Sqoop_Import'] eq 'FAILED'}
            </case>
            <default to="central_log_import_all_table_set1"/>
        </switch>
    </decision>

    <action name="central_log_import_all_table_set1">
        <shell xmlns="uri:oozie:shell-action:0.1">
            <job-tracker>${jobTracker}</job-tracker>
            <name-node>${nameNode}</name-node>
            <configuration>
                <property>
                    <name>oozie.use.system.libpath</name>
                    <value>true</value>
                </property>
                <property>
                    <name>queueName</name>
                    <value>default</value>
                </property>
            </configuration>
            <exec>${central_log_scriptpath}</exec>
              <argument>${wf:id()}</argument>
              <argument>sqoop_import_table_set1</argument>
              <argument>${wf:actionExternalStatus(wf:lastErrorNode())}</argument>
              <argument>${wf:errorCode(wf:lastErrorNode())}</argument>
              <argument>${wf:errorMessage(wf:lastErrorNode())}</argument>
              <argument>${wf:actionExternalId("sqoop_import_table_set1")}</argument>
              <argument>${hiveHostName}</argument>
              <argument>${hivePortNo}</argument>
              <argument>${hiveUserName}</argument>
              <argument>${hivePassCode}</argument>
              <argument>${impalaPortNo}</argument>
              <argument>${LocalMysqlHostAddress} </argument>
              <argument>${LocalMysqlUser} </argument>
              <argument>${LocalMysqlPass} </argument>
            <env-var>HADOOP_USER_NAME=${wf:user()}</env-var>
            <file>${central_log_scriptpath}#${central_log_scriptname}</file>
            <capture-output/>
        </shell>
        <ok to="check_output_central_log_import_all_table_set1"/>
        <error to="kill"/>
    </action>

    <decision name="check_output_central_log_import_all_table_set1">
        <switch>
            <case to="kill">
                ${wf:actionData('central_log_import_all_table_set1')['Previous_Action'] eq 'FAILED'}
            </case>
            <default to="join_sqoop_import_all_table_flow"/>
        </switch>
    </decision>
	
<!--########################################## Fork job One End ##########################################:::::::::::::::::::::::::-->	
<!--########################################## Fork job Two Started ##########################################::::::::::::::::::::::-->
    <action name="sqoop_import_table_set2">
        <shell xmlns="uri:oozie:shell-action:0.2">
            <job-tracker>${jobTracker}</job-tracker>
            <name-node>${nameNode}</name-node>
            <configuration>
                <property>
                    <name>mapred.job.queue.name</name>
                    <value>${queueName}</value>
                </property>
            </configuration>
            <exec>${import_all_table_scriptpath}</exec>
            <argument>${wf:id()}         </argument>
            <argument>${MysqlDatabaseType}    </argument>
            <argument>${MysqlHostAddress}     </argument>
            <argument>${MysqlHostPortNumber}  </argument>
            <argument>${MysqldatabaseUserName}</argument>
            <argument>${MysqldatabasePassword}</argument>
            <argument>${databaseDriver}  </argument>
            <argument>${numberOfmapper}  </argument>
            <argument>${tableNameList2}   </argument>
            <argument>${hiveHostName}    </argument>
            <argument>${hivePortNo}      </argument>
            <argument>${hiveUserName}    </argument>
            <argument>${hivePassCode}    </argument>
            <argument>${impalaPortNo} </argument>
            <argument>${LocalMysqlHostAddress} </argument>
            <argument>${LocalMysqlUser} </argument>
            <argument>${LocalMysqlPass} </argument>
            <argument>sqoop_import_table_set2</argument>
            <env-var>HADOOP_USER_NAME=${wf:user()}</env-var>
            <file>${import_all_table_scriptpath}#${import_all_table_scriptname}</file>
            <archive>${mysql_jar_path}#mysql-connector-java.jar</archive>
            <capture-output/>
        </shell>
       <ok to="check_output_import_all_table_set2"/>
        <error to="central_log_import_all_table_set2"/>
    </action>
    <decision name="check_output_import_all_table_set2">
        <switch>
            <case to="kill">
                ${wf:actionData('sqoop_import_table_set2')['Sqoop_Import'] eq 'FAILED'}
            </case>
            <default to="central_log_import_all_table_set2"/>
        </switch>
    </decision>

    <action name="central_log_import_all_table_set2">
        <shell xmlns="uri:oozie:shell-action:0.1">
            <job-tracker>${jobTracker}</job-tracker>
            <name-node>${nameNode}</name-node>
            <configuration>
                <property>
                    <name>oozie.use.system.libpath</name>
                    <value>true</value>
                </property>
                <property>
                    <name>queueName</name>
                    <value>default</value>
                </property>
            </configuration>
            <exec>${central_log_scriptpath}</exec>
              <argument>${wf:id()}</argument>
              <argument>sqoop_import_table_set2</argument>
              <argument>${wf:actionExternalStatus(wf:lastErrorNode())}</argument>
              <argument>${wf:errorCode(wf:lastErrorNode())}</argument>
              <argument>${wf:errorMessage(wf:lastErrorNode())}</argument>
              <argument>${wf:actionExternalId("sqoop_import_table_set2")}</argument>
              <argument>${hiveHostName}</argument>
              <argument>${hivePortNo}</argument>
              <argument>${hiveUserName}</argument>
              <argument>${hivePassCode}</argument>
              <argument>${impalaPortNo}</argument>
              <argument>${LocalMysqlHostAddress} </argument>
              <argument>${LocalMysqlUser} </argument>
              <argument>${LocalMysqlPass} </argument>
            <env-var>HADOOP_USER_NAME=${wf:user()}</env-var>
            <file>${central_log_scriptpath}#${central_log_scriptname}</file>
            <capture-output/>
        </shell>
        <ok to="check_output_central_log_import_all_table_set2"/>
        <error to="kill"/>
    </action>

    <decision name="check_output_central_log_import_all_table_set2">
        <switch>
            <case to="kill">
                ${wf:actionData('central_log_import_all_table_set2')['Previous_Action'] eq 'FAILED'}
            </case>
            <default to="join_sqoop_import_all_table_flow"/>
        </switch>
    </decision>
	
<!--########################################## Fork job Two End ##########################################::::::-->	

<!--########################################## Fork job Three Started##########################################-->
    <action name="sqoop_import_table_set3">
        <shell xmlns="uri:oozie:shell-action:0.2">
            <job-tracker>${jobTracker}</job-tracker>
            <name-node>${nameNode}</name-node>
            <configuration>
                <property>
                    <name>mapred.job.queue.name</name>
                    <value>${queueName}</value>
                </property>
            </configuration>
            <exec>${import_all_table_scriptpath}</exec>
            <argument>${wf:id()}         </argument>
            <argument>${MysqlDatabaseType}    </argument>
            <argument>${MysqlHostAddress}     </argument>
            <argument>${MysqlHostPortNumber}  </argument>
            <argument>${MysqldatabaseUserName}</argument>
            <argument>${MysqldatabasePassword}</argument>
            <argument>${databaseDriver}  </argument>
            <argument>${numberOfmapper}  </argument>
            <argument>${tableNameList3}   </argument>
            <argument>${hiveHostName}    </argument>
            <argument>${hivePortNo}      </argument>
            <argument>${hiveUserName}    </argument>
            <argument>${hivePassCode}    </argument>
            <argument>${impalaPortNo} </argument>
            <argument>${LocalMysqlHostAddress} </argument>
            <argument>${LocalMysqlUser} </argument>
            <argument>${LocalMysqlPass} </argument>
            <argument>sqoop_import_table_set3</argument>
            <env-var>HADOOP_USER_NAME=${wf:user()}</env-var>
            <file>${import_all_table_scriptpath}#${import_all_table_scriptname}</file>
            <archive>${mysql_jar_path}#mysql-connector-java.jar</archive>
            <capture-output/>
        </shell>
       <ok to="check_output_import_all_table_set3"/>
        <error to="central_log_import_all_table_set3"/>
    </action>
    <decision name="check_output_import_all_table_set3">
        <switch>
            <case to="kill">
                ${wf:actionData('sqoop_import_table_set3')['Sqoop_Import'] eq 'FAILED'}
            </case>
            <default to="central_log_import_all_table_set3"/>
        </switch>
    </decision>

    <action name="central_log_import_all_table_set3">
        <shell xmlns="uri:oozie:shell-action:0.1">
            <job-tracker>${jobTracker}</job-tracker>
            <name-node>${nameNode}</name-node>
            <configuration>
                <property>
                    <name>oozie.use.system.libpath</name>
                    <value>true</value>
                </property>
                <property>
                    <name>queueName</name>
                    <value>default</value>
                </property>
            </configuration>
            <exec>${central_log_scriptpath}</exec>
              <argument>${wf:id()}</argument>
              <argument>sqoop_import_table_set3</argument>
              <argument>${wf:actionExternalStatus(wf:lastErrorNode())}</argument>
              <argument>${wf:errorCode(wf:lastErrorNode())}</argument>
              <argument>${wf:errorMessage(wf:lastErrorNode())}</argument>
              <argument>${wf:actionExternalId("sqoop_import_table_set3")}</argument>
              <argument>${hiveHostName}</argument>
              <argument>${hivePortNo}</argument>
              <argument>${hiveUserName}</argument>
              <argument>${hivePassCode}</argument>
              <argument>${impalaPortNo}</argument>
              <argument>${LocalMysqlHostAddress} </argument>
              <argument>${LocalMysqlUser} </argument>
              <argument>${LocalMysqlPass} </argument>
            <env-var>HADOOP_USER_NAME=${wf:user()}</env-var>
            <file>${central_log_scriptpath}#${central_log_scriptname}</file>
            <capture-output/>
        </shell>
        <ok to="check_output_central_log_import_all_table_set3"/>
        <error to="kill"/>
    </action>

    <decision name="check_output_central_log_import_all_table_set3">
        <switch>
            <case to="kill">
                ${wf:actionData('central_log_import_all_table_set3')['Previous_Action'] eq 'FAILED'}
            </case>
            <default to="join_sqoop_import_all_table_flow"/>
        </switch>
    </decision>

<!--########################################## Fork job Three End ##########################################-->	

<!--########################################## Fork job Four Started ##########################################-->
    <action name="sqoop_import_table_set4">
        <shell xmlns="uri:oozie:shell-action:0.2">
            <job-tracker>${jobTracker}</job-tracker>
            <name-node>${nameNode}</name-node>
            <configuration>
                <property>
                    <name>mapred.job.queue.name</name>
                    <value>${queueName}</value>
                </property>
            </configuration>
            <exec>${import_all_table_scriptpath}</exec>
            <argument>${wf:id()}         </argument>
            <argument>${MysqlDatabaseType}    </argument>
            <argument>${MysqlHostAddress}     </argument>
            <argument>${MysqlHostPortNumber}  </argument>
            <argument>${MysqldatabaseUserName}</argument>
            <argument>${MysqldatabasePassword}</argument>
            <argument>${databaseDriver}  </argument>
            <argument>${numberOfmapper}  </argument>
            <argument>${tableNameList4}   </argument>
            <argument>${hiveHostName}    </argument>
            <argument>${hivePortNo}      </argument>
            <argument>${hiveUserName}    </argument>
            <argument>${hivePassCode}    </argument>
            <argument>${impalaPortNo} </argument>
            <argument>${LocalMysqlHostAddress} </argument>
            <argument>${LocalMysqlUser} </argument>
            <argument>${LocalMysqlPass} </argument>
            <argument>sqoop_import_table_set4</argument>
            <env-var>HADOOP_USER_NAME=${wf:user()}</env-var>
            <file>${import_all_table_scriptpath}#${import_all_table_scriptname}</file>
            <archive>${mysql_jar_path}#mysql-connector-java.jar</archive>
            <capture-output/>
        </shell>
       <ok to="check_output_import_all_table_set4"/>
        <error to="central_log_import_all_table_set4"/>
    </action>
    <decision name="check_output_import_all_table_set4">
        <switch>
            <case to="kill">
                ${wf:actionData('sqoop_import_table_set4')['Sqoop_Import'] eq 'FAILED'}
            </case>
            <default to="central_log_import_all_table_set4"/>
        </switch>
    </decision>

    <action name="central_log_import_all_table_set4">
        <shell xmlns="uri:oozie:shell-action:0.1">
            <job-tracker>${jobTracker}</job-tracker>
            <name-node>${nameNode}</name-node>
            <configuration>
                <property>
                    <name>oozie.use.system.libpath</name>
                    <value>true</value>
                </property>
                <property>
                    <name>queueName</name>
                    <value>default</value>
                </property>
            </configuration>
            <exec>${central_log_scriptpath}</exec>
              <argument>${wf:id()}</argument>
              <argument>sqoop_import_table_set4</argument>
              <argument>${wf:actionExternalStatus(wf:lastErrorNode())}</argument>
              <argument>${wf:errorCode(wf:lastErrorNode())}</argument>
              <argument>${wf:errorMessage(wf:lastErrorNode())}</argument>
              <argument>${wf:actionExternalId("sqoop_import_table_set4")}</argument>
              <argument>${hiveHostName}</argument>
              <argument>${hivePortNo}</argument>
              <argument>${hiveUserName}</argument>
              <argument>${hivePassCode}</argument>
              <argument>${impalaPortNo}</argument>
              <argument>${LocalMysqlHostAddress} </argument>
              <argument>${LocalMysqlUser} </argument>
              <argument>${LocalMysqlPass} </argument>
            <env-var>HADOOP_USER_NAME=${wf:user()}</env-var>
            <file>${central_log_scriptpath}#${central_log_scriptname}</file>
            <capture-output/>
        </shell>
        <ok to="check_output_central_log_import_all_table_set4"/>
        <error to="kill"/>
    </action>

    <decision name="check_output_central_log_import_all_table_set4">
        <switch>
            <case to="kill">
                ${wf:actionData('central_log_import_all_table_set4')['Previous_Action'] eq 'FAILED'}
            </case>
            <default to="join_sqoop_import_all_table_flow"/>
        </switch>
    </decision>

<!--########################################## Fork job Four End ##########################################-->	
<!--########################################## Fork job Five Started##########################################-->
    <action name="sqoop_import_table_set5">
        <shell xmlns="uri:oozie:shell-action:0.2">
            <job-tracker>${jobTracker}</job-tracker>
            <name-node>${nameNode}</name-node>
            <configuration>
                <property>
                    <name>mapred.job.queue.name</name>
                    <value>${queueName}</value>
                </property>
            </configuration>
            <exec>${import_all_table_scriptpath}</exec>
            <argument>${wf:id()}         </argument>
            <argument>${MysqlDatabaseType}    </argument>
            <argument>${MysqlHostAddress}     </argument>
            <argument>${MysqlHostPortNumber}  </argument>
            <argument>${MysqldatabaseUserName}</argument>
            <argument>${MysqldatabasePassword}</argument>
            <argument>${databaseDriver}  </argument>
            <argument>${numberOfmapper}  </argument>
            <argument>${tableNameList5}   </argument>
            <argument>${hiveHostName}    </argument>
            <argument>${hivePortNo}      </argument>
            <argument>${hiveUserName}    </argument>
            <argument>${hivePassCode}    </argument>
            <argument>${impalaPortNo} </argument>
            <argument>${LocalMysqlHostAddress} </argument>
            <argument>${LocalMysqlUser} </argument>
            <argument>${LocalMysqlPass} </argument>
            <argument>sqoop_import_table_set5</argument>
            <env-var>HADOOP_USER_NAME=${wf:user()}</env-var>
            <file>${import_all_table_scriptpath}#${import_all_table_scriptname}</file>
            <archive>${mysql_jar_path}#mysql-connector-java.jar</archive>
            <capture-output/>
        </shell>
       <ok to="check_output_import_all_table_set5"/>
        <error to="central_log_import_all_table_set5"/>
    </action>
    <decision name="check_output_import_all_table_set5">
        <switch>
            <case to="kill">
                ${wf:actionData('sqoop_import_table_set5')['Sqoop_Import'] eq 'FAILED'}
            </case>
            <default to="central_log_import_all_table_set5"/>
        </switch>
    </decision>

    <action name="central_log_import_all_table_set5">
        <shell xmlns="uri:oozie:shell-action:0.1">
            <job-tracker>${jobTracker}</job-tracker>
            <name-node>${nameNode}</name-node>
            <configuration>
                <property>
                    <name>oozie.use.system.libpath</name>
                    <value>true</value>
                </property>
                <property>
                    <name>queueName</name>
                    <value>default</value>
                </property>
            </configuration>
            <exec>${central_log_scriptpath}</exec>
              <argument>${wf:id()}</argument>
              <argument>sqoop_import_table_set5</argument>
              <argument>${wf:actionExternalStatus(wf:lastErrorNode())}</argument>
              <argument>${wf:errorCode(wf:lastErrorNode())}</argument>
              <argument>${wf:errorMessage(wf:lastErrorNode())}</argument>
              <argument>${wf:actionExternalId("sqoop_import_table_set5")}</argument>
              <argument>${hiveHostName}</argument>
              <argument>${hivePortNo}</argument>
              <argument>${hiveUserName}</argument>
              <argument>${hivePassCode}</argument>
              <argument>${impalaPortNo}</argument>
              <argument>${LocalMysqlHostAddress} </argument>
              <argument>${LocalMysqlUser} </argument>
              <argument>${LocalMysqlPass} </argument>
            <env-var>HADOOP_USER_NAME=${wf:user()}</env-var>
            <file>${central_log_scriptpath}#${central_log_scriptname}</file>
            <capture-output/>
        </shell>
        <ok to="check_output_central_log_import_all_table_set5"/>
        <error to="kill"/>
    </action>

    <decision name="check_output_central_log_import_all_table_set5">
        <switch>
            <case to="kill">
                ${wf:actionData('central_log_import_all_table_set5')['Previous_Action'] eq 'FAILED'}
            </case>
            <default to="join_sqoop_import_all_table_flow"/>
        </switch>
    </decision>

<!-- ########################################## Fork job Five End ##########################################-->	
<!-- ########################################## Fork job Six Started ##########################################-->
    <action name="sqoop_import_table_set6">
        <shell xmlns="uri:oozie:shell-action:0.2">
            <job-tracker>${jobTracker}</job-tracker>
            <name-node>${nameNode}</name-node>
            <configuration>
                <property>
                    <name>mapred.job.queue.name</name>
                    <value>${queueName}</value>
                </property>
            </configuration>
            <exec>${import_all_table_scriptpath}</exec>
            <argument>${wf:id()}         </argument>
            <argument>${MysqlDatabaseType}    </argument>
            <argument>${MysqlHostAddress}     </argument>
            <argument>${MysqlHostPortNumber}  </argument>
            <argument>${MysqldatabaseUserName}</argument>
            <argument>${MysqldatabasePassword}</argument>
            <argument>${databaseDriver}  </argument>
            <argument>${numberOfmapper}  </argument>
            <argument>${tableNameList6}   </argument>
            <argument>${hiveHostName}    </argument>
            <argument>${hivePortNo}      </argument>
            <argument>${hiveUserName}    </argument>
            <argument>${hivePassCode}    </argument>
            <argument>${impalaPortNo} </argument>
            <argument>${LocalMysqlHostAddress} </argument>
            <argument>${LocalMysqlUser} </argument>
            <argument>${LocalMysqlPass} </argument>
            <argument>sqoop_import_table_set6</argument>
            <env-var>HADOOP_USER_NAME=${wf:user()}</env-var>
            <file>${import_all_table_scriptpath}#${import_all_table_scriptname}</file>
            <archive>${mysql_jar_path}#mysql-connector-java.jar</archive>
            <capture-output/>
        </shell>
       <ok to="check_output_import_all_table_set6"/>
        <error to="central_log_import_all_table_set6"/>
    </action>
    <decision name="check_output_import_all_table_set6">
        <switch>
            <case to="kill">
                ${wf:actionData('sqoop_import_table_set6')['Sqoop_Import'] eq 'FAILED'}
            </case>
            <default to="central_log_import_all_table_set6"/>
        </switch>
    </decision>

    <action name="central_log_import_all_table_set6">
        <shell xmlns="uri:oozie:shell-action:0.1">
            <job-tracker>${jobTracker}</job-tracker>
            <name-node>${nameNode}</name-node>
            <configuration>
                <property>
                    <name>oozie.use.system.libpath</name>
                    <value>true</value>
                </property>
                <property>
                    <name>queueName</name>
                    <value>default</value>
                </property>
            </configuration>
            <exec>${central_log_scriptpath}</exec>
              <argument>${wf:id()}</argument>
              <argument>sqoop_import_table_set6</argument>
              <argument>${wf:actionExternalStatus(wf:lastErrorNode())}</argument>
              <argument>${wf:errorCode(wf:lastErrorNode())}</argument>
              <argument>${wf:errorMessage(wf:lastErrorNode())}</argument>
              <argument>${wf:actionExternalId("sqoop_import_table_set6")}</argument>
              <argument>${hiveHostName}</argument>
              <argument>${hivePortNo}</argument>
              <argument>${hiveUserName}</argument>
              <argument>${hivePassCode}</argument>
              <argument>${impalaPortNo}</argument>
              <argument>${LocalMysqlHostAddress} </argument>
              <argument>${LocalMysqlUser} </argument>
              <argument>${LocalMysqlPass} </argument>
            <env-var>HADOOP_USER_NAME=${wf:user()}</env-var>
            <file>${central_log_scriptpath}#${central_log_scriptname}</file>
            <capture-output/>
        </shell>
        <ok to="check_output_central_log_import_all_table_set6"/>
        <error to="kill"/>
    </action>

    <decision name="check_output_central_log_import_all_table_set6">
        <switch>
            <case to="kill">
                ${wf:actionData('central_log_import_all_table_set6')['Previous_Action'] eq 'FAILED'}
            </case>
            <default to="join_sqoop_import_all_table_flow"/>
        </switch>
    </decision>
<!--########################################## Fork job Six End ##########################################-->
    <fork name="fork_validation_all_table_flow">
        <path start="file_validation_table_set1" />
        <path start="file_validation_table_set2" />
        <path start="file_validation_table_set3" />
        <path start="file_validation_table_set4" />
        <path start="file_validation_table_set5" />
        <path start="file_validation_table_set6" />
    </fork>

    <join name="join_file_validation_all_table_flow" to="fork_archival_data_action" />

<!-- ########################################## Fork File Valiadtion Job One Started ############################################### -->
    <action name="file_validation_table_set1">
        <shell xmlns="uri:oozie:shell-action:0.2">
            <job-tracker>${jobTracker}</job-tracker>
            <name-node>${nameNode}</name-node>
            <configuration>
                <property>
                    <name>mapred.job.queue.name</name>
                    <value>${queueName}</value>
                </property>
            </configuration>
            <exec>${file_validation_scriptpath}</exec>
            <argument>${wf:id()}         </argument>
            <argument>${hiveHostName}    </argument>
            <argument>${hivePortNo}      </argument>
            <argument>${hiveUserName}    </argument>
            <argument>${hivePassCode}    </argument>
            <argument>${impalaPortNo}    </argument>
	    <argument>${FVtableNameList1}</argument>
	    <argument>${LocalMysqlHostAddress}</argument>
	    <argument>${LocalMysqlUser}</argument>
	    <argument>${LocalMysqlPass}</argument>
            <argument>file_validation_table_set1</argument>
            <env-var>HADOOP_USER_NAME=${wf:user()}</env-var>
            <file>${file_validation_scriptpath}#${file_validation_scriptname}</file>
            <capture-output/>
        </shell>
        <ok to="check_output_file_validation_table_set1"/>
        <error to="central_log_file_validation_table_set1"/>
    </action>
    <decision name="check_output_file_validation_table_set1">
        <switch>
            <case to="kill">
                ${wf:actionData('file_validation_table_set1')['File_Validation'] eq 'FAILED'}
            </case>
            <default to="central_log_file_validation_table_set1"/>
        </switch>
    </decision>
    <action name="central_log_file_validation_table_set1">
        <shell xmlns="uri:oozie:shell-action:0.1">
            <job-tracker>${jobTracker}</job-tracker>
            <name-node>${nameNode}</name-node>
            <configuration>
                <property>
                    <name>oozie.use.system.libpath</name>
                    <value>true</value>
                </property>
                <property>
                    <name>queueName</name>
                    <value>default</value>
                </property>
            </configuration>
            <exec>${central_log_scriptpath}</exec>
              <argument>${wf:id()}</argument>
              <argument>file_validation_table_set1</argument>
              <argument>${wf:actionExternalStatus(wf:lastErrorNode())}</argument>
              <argument>${wf:errorCode(wf:lastErrorNode())}</argument>
              <argument>${wf:errorMessage(wf:lastErrorNode())}</argument>
              <argument>${wf:actionExternalId("file_validation_table_set1")}</argument>
              <argument>${hiveHostName}</argument>
              <argument>${hivePortNo}</argument>
              <argument>${hiveUserName}</argument>
              <argument>${hivePassCode}</argument>
              <argument>${impalaPortNo}</argument>
              <argument>${LocalMysqlHostAddress} </argument>
              <argument>${LocalMysqlUser} </argument>
              <argument>${LocalMysqlPass} </argument>
            <env-var>HADOOP_USER_NAME=${wf:user()}</env-var>
            <file>${central_log_scriptpath}#${central_log_scriptname}</file>
            <capture-output/>
        </shell>
        <ok to="check_output_central_log_file_validation_table_set1"/>
        <error to="kill"/>
    </action>

    <decision name="check_output_central_log_file_validation_table_set1">
        <switch>
            <case to="kill">
                ${wf:actionData('central_log_file_validation_table_set1')['Previous_Action'] eq 'FAILED'}
            </case>
            <default to="join_file_validation_all_table_flow"/>
        </switch>
    </decision>

<!--##########################################  Fork File Valiadtion job One End ##########################################:::::::::::::::::::::::::-->
<!--##########################################  Fork File Valiadtion job Two Started ##########################################::::::::::::::::::::::-->
    <action name="file_validation_table_set2">
        <shell xmlns="uri:oozie:shell-action:0.2">
            <job-tracker>${jobTracker}</job-tracker>
            <name-node>${nameNode}</name-node>
            <configuration>
                <property>
                    <name>mapred.job.queue.name</name>
                    <value>${queueName}</value>
                </property>
            </configuration>
            <exec>${file_validation_scriptpath}</exec>
            <argument>${wf:id()}         </argument>
            <argument>${hiveHostName}    </argument>
            <argument>${hivePortNo}      </argument>
            <argument>${hiveUserName}    </argument>
            <argument>${hivePassCode}    </argument>
            <argument>${impalaPortNo}    </argument>
	    <argument>${FVtableNameList2}</argument>
            <argument>${LocalMysqlHostAddress}</argument>
            <argument>${LocalMysqlUser}</argument>
            <argument>${LocalMysqlPass}</argument>
            <argument>file_validation_table_set2</argument>
            <env-var>HADOOP_USER_NAME=${wf:user()}</env-var>
            <file>${file_validation_scriptpath}#${file_validation_scriptname}</file>
            <capture-output/>
        </shell>
        <ok to="check_output_file_validation_table_set2"/>
        <error to="central_log_file_validation_table_set2"/>
    </action>
    <decision name="check_output_file_validation_table_set2">
        <switch>
            <case to="kill">
                ${wf:actionData('file_validation_table_set2')['File_Validation'] eq 'FAILED'}
            </case>
            <default to="central_log_file_validation_table_set2"/>
        </switch>
    </decision>
    <action name="central_log_file_validation_table_set2">
        <shell xmlns="uri:oozie:shell-action:0.1">
            <job-tracker>${jobTracker}</job-tracker>
            <name-node>${nameNode}</name-node>
            <configuration>
                <property>
                    <name>oozie.use.system.libpath</name>
                    <value>true</value>
                </property>
                <property>
                    <name>queueName</name>
                    <value>default</value>
                </property>
            </configuration>
            <exec>${central_log_scriptpath}</exec>
              <argument>${wf:id()}</argument>
              <argument>file_validation_table_set2</argument>
              <argument>${wf:actionExternalStatus(wf:lastErrorNode())}</argument>
              <argument>${wf:errorCode(wf:lastErrorNode())}</argument>
              <argument>${wf:errorMessage(wf:lastErrorNode())}</argument>
              <argument>${wf:actionExternalId("file_validation_table_set2")}</argument>
              <argument>${hiveHostName}</argument>
              <argument>${hivePortNo}</argument>
              <argument>${hiveUserName}</argument>
              <argument>${hivePassCode}</argument>
              <argument>${impalaPortNo}</argument>
              <argument>${LocalMysqlHostAddress} </argument>
              <argument>${LocalMysqlUser} </argument>
              <argument>${LocalMysqlPass} </argument>
            <env-var>HADOOP_USER_NAME=${wf:user()}</env-var>
            <file>${central_log_scriptpath}#${central_log_scriptname}</file>
            <capture-output/>
        </shell>
        <ok to="check_output_central_log_file_validation_table_set2"/>
        <error to="kill"/>
    </action>

    <decision name="check_output_central_log_file_validation_table_set2">
        <switch>
            <case to="kill">
                ${wf:actionData('central_log_file_validation_table_set2')['Previous_Action'] eq 'FAILED'}
            </case>
            <default to="join_file_validation_all_table_flow"/>
        </switch>
    </decision>
	
<!--##########################################  Fork File Valiadtion job Two End ##########################################::::::-->

<!--##########################################  Fork File Valiadtion job Three Started##########################################-->
    <action name="file_validation_table_set3">
        <shell xmlns="uri:oozie:shell-action:0.2">
            <job-tracker>${jobTracker}</job-tracker>
            <name-node>${nameNode}</name-node>
            <configuration>
                <property>
                    <name>mapred.job.queue.name</name>
                    <value>${queueName}</value>
                </property>
            </configuration>
            <exec>${file_validation_scriptpath}</exec>
            <argument>${wf:id()}         </argument>
            <argument>${hiveHostName}    </argument>
            <argument>${hivePortNo}      </argument>
            <argument>${hiveUserName}    </argument>
            <argument>${hivePassCode}    </argument>
            <argument>${impalaPortNo}    </argument>
	    <argument>${FVtableNameList3}</argument>
            <argument>${LocalMysqlHostAddress}</argument>
            <argument>${LocalMysqlUser}</argument>
            <argument>${LocalMysqlPass}</argument>
            <argument>file_validation_table_set3</argument>
            <env-var>HADOOP_USER_NAME=${wf:user()}</env-var>
            <file>${file_validation_scriptpath}#${file_validation_scriptname}</file>
            <capture-output/>
        </shell>
        <ok to="check_output_file_validation_table_set3"/>
        <error to="central_log_file_validation_table_set3"/>
    </action>
    <decision name="check_output_file_validation_table_set3">
        <switch>
            <case to="kill">
                ${wf:actionData('file_validation_table_set3')['File_Validation'] eq 'FAILED'}
            </case>
            <default to="central_log_file_validation_table_set3"/>
        </switch>
    </decision>
    <action name="central_log_file_validation_table_set3">
        <shell xmlns="uri:oozie:shell-action:0.1">
            <job-tracker>${jobTracker}</job-tracker>
            <name-node>${nameNode}</name-node>
            <configuration>
                <property>
                    <name>oozie.use.system.libpath</name>
                    <value>true</value>
                </property>
                <property>
                    <name>queueName</name>
                    <value>default</value>
                </property>
            </configuration>
            <exec>${central_log_scriptpath}</exec>
              <argument>${wf:id()}</argument>
              <argument>file_validation_table_set3</argument>
              <argument>${wf:actionExternalStatus(wf:lastErrorNode())}</argument>
              <argument>${wf:errorCode(wf:lastErrorNode())}</argument>
              <argument>${wf:errorMessage(wf:lastErrorNode())}</argument>
              <argument>${wf:actionExternalId("file_validation_table_set3")}</argument>
              <argument>${hiveHostName}</argument>
              <argument>${hivePortNo}</argument>
              <argument>${hiveUserName}</argument>
              <argument>${hivePassCode}</argument>
              <argument>${impalaPortNo}</argument>
              <argument>${LocalMysqlHostAddress} </argument>
              <argument>${LocalMysqlUser} </argument>
              <argument>${LocalMysqlPass} </argument>
            <env-var>HADOOP_USER_NAME=${wf:user()}</env-var>
            <file>${central_log_scriptpath}#${central_log_scriptname}</file>
            <capture-output/>
        </shell>
        <ok to="check_output_central_log_file_validation_table_set3"/>
        <error to="kill"/>
    </action>

    <decision name="check_output_central_log_file_validation_table_set3">
        <switch>
            <case to="kill">
                ${wf:actionData('central_log_file_validation_table_set3')['Previous_Action'] eq 'FAILED'}
            </case>
            <default to="join_file_validation_all_table_flow"/>
        </switch>
    </decision>
	
<!--##########################################  Fork File Valiadtion job Three End ##########################################-->

<!--##########################################  Fork File Valiadtion job Four Started ##########################################-->
    <action name="file_validation_table_set4">
        <shell xmlns="uri:oozie:shell-action:0.2">
            <job-tracker>${jobTracker}</job-tracker>
            <name-node>${nameNode}</name-node>
            <configuration>
                <property>
                    <name>mapred.job.queue.name</name>
                    <value>${queueName}</value>
                </property>
            </configuration>
            <exec>${file_validation_scriptpath}</exec>
            <argument>${wf:id()}         </argument>
            <argument>${hiveHostName}    </argument>
            <argument>${hivePortNo}      </argument>
            <argument>${hiveUserName}    </argument>
            <argument>${hivePassCode}    </argument>
            <argument>${impalaPortNo}    </argument>
	    <argument>${FVtableNameList4}</argument>
            <argument>${LocalMysqlHostAddress}</argument>
            <argument>${LocalMysqlUser}</argument>
            <argument>${LocalMysqlPass}</argument>
            <argument>file_validation_table_set4</argument>
            <env-var>HADOOP_USER_NAME=${wf:user()}</env-var>
            <file>${file_validation_scriptpath}#${file_validation_scriptname}</file>
            <capture-output/>
        </shell>
        <ok to="check_output_file_validation_table_set4"/>
        <error to="central_log_file_validation_table_set4"/>
    </action>
    <decision name="check_output_file_validation_table_set4">
        <switch>
            <case to="kill">
                ${wf:actionData('file_validation_table_set4')['File_Validation'] eq 'FAILED'}
            </case>
            <default to="central_log_file_validation_table_set4"/>
        </switch>
    </decision>
    <action name="central_log_file_validation_table_set4">
        <shell xmlns="uri:oozie:shell-action:0.1">
            <job-tracker>${jobTracker}</job-tracker>
            <name-node>${nameNode}</name-node>
            <configuration>
                <property>
                    <name>oozie.use.system.libpath</name>
                    <value>true</value>
                </property>
                <property>
                    <name>queueName</name>
                    <value>default</value>
                </property>
            </configuration>
            <exec>${central_log_scriptpath}</exec>
              <argument>${wf:id()}</argument>
              <argument>file_validation_table_set4</argument>
              <argument>${wf:actionExternalStatus(wf:lastErrorNode())}</argument>
              <argument>${wf:errorCode(wf:lastErrorNode())}</argument>
              <argument>${wf:errorMessage(wf:lastErrorNode())}</argument>
              <argument>${wf:actionExternalId("file_validation_table_set4")}</argument>
              <argument>${hiveHostName}</argument>
              <argument>${hivePortNo}</argument>
              <argument>${hiveUserName}</argument>
              <argument>${hivePassCode}</argument>
              <argument>${impalaPortNo}</argument>
              <argument>${LocalMysqlHostAddress} </argument>
              <argument>${LocalMysqlUser} </argument>
              <argument>${LocalMysqlPass} </argument>
            <env-var>HADOOP_USER_NAME=${wf:user()}</env-var>
            <file>${central_log_scriptpath}#${central_log_scriptname}</file>
            <capture-output/>
        </shell>
        <ok to="check_output_central_log_file_validation_table_set4"/>
        <error to="kill"/>
    </action>

    <decision name="check_output_central_log_file_validation_table_set4">
        <switch>
            <case to="kill">
                ${wf:actionData('central_log_file_validation_table_set4')['Previous_Action'] eq 'FAILED'}
            </case>
            <default to="join_file_validation_all_table_flow"/>
        </switch>
    </decision>

<!--##########################################  Fork File Valiadtion job Four End ##########################################-->
<!--##########################################  Fork File Valiadtion job Five Started##########################################-->

    <action name="file_validation_table_set5">
        <shell xmlns="uri:oozie:shell-action:0.2">
            <job-tracker>${jobTracker}</job-tracker>
            <name-node>${nameNode}</name-node>
            <configuration>
                <property>
                    <name>mapred.job.queue.name</name>
                    <value>${queueName}</value>
                </property>
            </configuration>
            <exec>${file_validation_scriptpath}</exec>
            <argument>${wf:id()}         </argument>
            <argument>${hiveHostName}    </argument>
            <argument>${hivePortNo}      </argument>
            <argument>${hiveUserName}    </argument>
            <argument>${hivePassCode}    </argument>
            <argument>${impalaPortNo}    </argument>
            <argument>${FVtableNameList5}</argument>
            <argument>${LocalMysqlHostAddress}</argument>
            <argument>${LocalMysqlUser}</argument>
            <argument>${LocalMysqlPass}</argument>
            <argument>file_validation_table_set5</argument>
            <env-var>HADOOP_USER_NAME=${wf:user()}</env-var>
            <file>${file_validation_scriptpath}#${file_validation_scriptname}</file>
            <capture-output/>
        </shell>
        <ok to="check_output_file_validation_table_set5"/>
        <error to="central_log_file_validation_table_set5"/>
    </action>
    <decision name="check_output_file_validation_table_set5">
        <switch>
            <case to="kill">
                ${wf:actionData('file_validation_table_set5')['File_Validation'] eq 'FAILED'}
            </case>
            <default to="central_log_file_validation_table_set5"/>
        </switch>
    </decision>
    <action name="central_log_file_validation_table_set5">
        <shell xmlns="uri:oozie:shell-action:0.1">
            <job-tracker>${jobTracker}</job-tracker>
            <name-node>${nameNode}</name-node>
            <configuration>
                <property>
                    <name>oozie.use.system.libpath</name>
                    <value>true</value>
                </property>
                <property>
                    <name>queueName</name>
                    <value>default</value>
                </property>
            </configuration>
            <exec>${central_log_scriptpath}</exec>
              <argument>${wf:id()}</argument>
              <argument>file_validation_table_set5</argument>
              <argument>${wf:actionExternalStatus(wf:lastErrorNode())}</argument>
              <argument>${wf:errorCode(wf:lastErrorNode())}</argument>
              <argument>${wf:errorMessage(wf:lastErrorNode())}</argument>
              <argument>${wf:actionExternalId("file_validation_table_set5")}</argument>
              <argument>${hiveHostName}</argument>
              <argument>${hivePortNo}</argument>
              <argument>${hiveUserName}</argument>
              <argument>${hivePassCode}</argument>
              <argument>${impalaPortNo}</argument>
              <argument>${LocalMysqlHostAddress} </argument>
              <argument>${LocalMysqlUser} </argument>
              <argument>${LocalMysqlPass} </argument>
            <env-var>HADOOP_USER_NAME=${wf:user()}</env-var>
            <file>${central_log_scriptpath}#${central_log_scriptname}</file>
            <capture-output/>
        </shell>
        <ok to="check_output_central_log_file_validation_table_set5"/>
        <error to="kill"/>
    </action>

    <decision name="check_output_central_log_file_validation_table_set5">
        <switch>
            <case to="kill">
                ${wf:actionData('central_log_file_validation_table_set5')['Previous_Action'] eq 'FAILED'}
            </case>
            <default to="join_file_validation_all_table_flow"/>
        </switch>
    </decision>

<!-- ##########################################  Fork File Valiadtion job Five End ##########################################-->
<!-- ##########################################  Fork File Valiadtion job Six Started ##########################################-->

    <action name="file_validation_table_set6">
        <shell xmlns="uri:oozie:shell-action:0.2">
            <job-tracker>${jobTracker}</job-tracker>
            <name-node>${nameNode}</name-node>
            <configuration>
                <property>
                    <name>mapred.job.queue.name</name>
                    <value>${queueName}</value>
                </property>
            </configuration>
            <exec>${file_validation_scriptpath}</exec>
            <argument>${wf:id()}         </argument>
            <argument>${hiveHostName}    </argument>
            <argument>${hivePortNo}      </argument>
            <argument>${hiveUserName}    </argument>
            <argument>${hivePassCode}    </argument>
            <argument>${impalaPortNo}    </argument>
       	    <argument>${FVtableNameList6}</argument>
            <argument>${LocalMysqlHostAddress}</argument>
            <argument>${LocalMysqlUser}</argument>
            <argument>${LocalMysqlPass}</argument>
            <argument>file_validation_table_set6</argument>
            <env-var>HADOOP_USER_NAME=${wf:user()}</env-var>
            <file>${file_validation_scriptpath}#${file_validation_scriptname}</file>
            <capture-output/>
        </shell>
        <ok to="check_output_file_validation_table_set6"/>
        <error to="central_log_file_validation_table_set6"/>
    </action>
    <decision name="check_output_file_validation_table_set6">
        <switch>
            <case to="kill">
                ${wf:actionData('file_validation_table_set6')['File_Validation'] eq 'FAILED'}
            </case>
            <default to="central_log_file_validation_table_set6"/>
        </switch>
    </decision>
    <action name="central_log_file_validation_table_set6">
        <shell xmlns="uri:oozie:shell-action:0.1">
            <job-tracker>${jobTracker}</job-tracker>
            <name-node>${nameNode}</name-node>
            <configuration>
                <property>
                    <name>oozie.use.system.libpath</name>
                    <value>true</value>
                </property>
                <property>
                    <name>queueName</name>
                    <value>default</value>
                </property>
            </configuration>
            <exec>${central_log_scriptpath}</exec>
              <argument>${wf:id()}</argument>
              <argument>file_validation_table_set6</argument>
              <argument>${wf:actionExternalStatus(wf:lastErrorNode())}</argument>
              <argument>${wf:errorCode(wf:lastErrorNode())}</argument>
              <argument>${wf:errorMessage(wf:lastErrorNode())}</argument>
              <argument>${wf:actionExternalId("file_validation_table_set6")}</argument>
              <argument>${hiveHostName}</argument>
              <argument>${hivePortNo}</argument>
              <argument>${hiveUserName}</argument>
              <argument>${hivePassCode}</argument>
              <argument>${impalaPortNo}</argument>
              <argument>${LocalMysqlHostAddress} </argument>
              <argument>${LocalMysqlUser} </argument>
              <argument>${LocalMysqlPass} </argument>
            <env-var>HADOOP_USER_NAME=${wf:user()}</env-var>
            <file>${central_log_scriptpath}#${central_log_scriptname}</file>
            <capture-output/>
        </shell>
        <ok to="check_output_central_log_file_validation_table_set6"/>
        <error to="kill"/>
    </action>

    <decision name="check_output_central_log_file_validation_table_set6">
        <switch>
            <case to="kill">
                ${wf:actionData('central_log_file_validation_table_set6')['Previous_Action'] eq 'FAILED'}
            </case>
            <default to="join_file_validation_all_table_flow"/>
        </switch>
    </decision>

<!--##########################################  Fork File Valiadtion job Six End ########################################## -->	
<!-- ########################################## Mysql_hive_archival Fork six jobs ########################################## -->
    <fork name="fork_archival_data_action">
        <path start="Mysql_hive_archival_table_set1" />
        <path start="Mysql_hive_archival_table_set2" />
        <path start="Mysql_hive_archival_table_set3" />
        <path start="Mysql_hive_archival_table_set4" />
        <path start="Mysql_hive_archival_table_set5" />
        <path start="Mysql_hive_archival_table_set6" />
        <path start="archive_socio_data" />		
    </fork>
	
    <join name="join_archival_data_action" to="update_workflow_status" />
	   
<!-- ########################################## Mysql_hive_archival Fork six jobs ########################################## -->    
<!-- ########################################## Fork Mysql_hive_archival job One Started ########################################## -->   
    
    <action name="Mysql_hive_archival_table_set1">
        <shell xmlns="uri:oozie:shell-action:0.2">
            <job-tracker>${jobTracker}</job-tracker>
            <name-node>${nameNode}</name-node>
            <configuration>
                <property>
                    <name>mapred.job.queue.name</name>
                    <value>${queueName}</value>
                </property>
            </configuration>
            <exec>${hive_mysql_data_scriptpath}</exec>
            <argument>${wf:id()}         </argument>
            <argument>${hiveHostName}    </argument>
            <argument>${hivePortNo}      </argument>
            <argument>${hiveUserName}    </argument>
            <argument>${hivePassCode}    </argument>
            <argument>${hive_script_path}</argument>
            <argument>${MAtableNameList1}</argument>
            <argument>${impalaPortNo}</argument>
            <argument>${beeline_driver}</argument>
            <argument>${hive_principal}</argument>
            <argument>${LocalMysqlHostAddress}</argument>
            <argument>${LocalMysqlUser}</argument>
            <argument>${LocalMysqlPass}</argument>
            <argument>Mysql_hive_archival_table_set1</argument>
            <env-var>HADOOP_USER_NAME=${wf:user()}</env-var>
            <file>${hive_mysql_data_scriptpath}#${hive_mysql_data_scriptname}</file>
            <capture-output/>
        </shell>
        <ok to="check_output_Mysql_hive_archival_table_set1"/>
        <error to="central_log_mysql_hive_archival_set1"/>
    </action>
    <decision name="check_output_Mysql_hive_archival_table_set1">
        <switch>
            <case to="kill">
                ${wf:actionData('Mysql_hive_archival_table_set1')['MySQL_DataArchival'] eq 'FAILED'}
            </case>
            <default to="central_log_mysql_hive_archival_set1"/>
        </switch>
    </decision>
    <action name="central_log_mysql_hive_archival_set1">
        <shell xmlns="uri:oozie:shell-action:0.1">
            <job-tracker>${jobTracker}</job-tracker>
            <name-node>${nameNode}</name-node>
            <configuration>
                <property>
                    <name>oozie.use.system.libpath</name>
                    <value>true</value>
                </property>
                <property>
                    <name>queueName</name>
                    <value>default</value>
                </property>
            </configuration>
            <exec>${central_log_scriptpath}</exec>
            <argument>${wf:id()}</argument>
            <argument>Mysql_hive_archival_table_set1</argument>
            <argument>${wf:actionExternalStatus(wf:lastErrorNode())}</argument>
            <argument>${wf:errorCode(wf:lastErrorNode())}</argument>
            <argument>${wf:errorMessage(wf:lastErrorNode())}</argument>
            <argument>${wf:actionExternalId("Mysql_hive_archival_table_set1")}</argument>
            <argument>${hiveHostName}</argument>
            <argument>${hivePortNo}</argument>
            <argument>${hiveUserName}</argument>
            <argument>${hivePassCode}</argument>
            <argument>${impalaPortNo}</argument>
            <argument>${LocalMysqlHostAddress} </argument>
            <argument>${LocalMysqlUser} </argument>
            <argument>${LocalMysqlPass} </argument>
            <env-var>HADOOP_USER_NAME=${wf:user()}</env-var>
            <file>${central_log_scriptpath}#${central_log_scriptname}</file>
            <capture-output/>
        </shell>
        <ok to="check_output_central_log_mysql_hive_archival_set1"/>
        <error to="kill"/>
    </action>

    <decision name="check_output_central_log_mysql_hive_archival_set1">
        <switch>
            <case to="kill">
                ${wf:actionData('central_log_mysql_hive_archival_set1')['Previous_Action'] eq 'FAILED'}
            </case>
            <default to="join_archival_data_action"/>
        </switch>
    </decision>
	
<!--########################################## Fork Mysql_hive_archival job One End ##########################################--> 

<!--########################################## Fork Mysql_hive_archival job two Started ##########################################-->   
    
    <action name="Mysql_hive_archival_table_set2">
        <shell xmlns="uri:oozie:shell-action:0.2">
            <job-tracker>${jobTracker}</job-tracker>
            <name-node>${nameNode}</name-node>
            <configuration>
                <property>
                    <name>mapred.job.queue.name</name>
                    <value>${queueName}</value>
                </property>
            </configuration>
            <exec>${hive_mysql_data_scriptpath}</exec>
            <argument>${wf:id()}         </argument>
            <argument>${hiveHostName}    </argument>
            <argument>${hivePortNo}      </argument>
            <argument>${hiveUserName}    </argument>
            <argument>${hivePassCode}    </argument>
            <argument>${hive_script_path}</argument>
            <argument>${MAtableNameList2}</argument>
            <argument>${impalaPortNo}</argument>
            <argument>${beeline_driver}</argument>
            <argument>${hive_principal}</argument>
            <argument>${LocalMysqlHostAddress}</argument>
            <argument>${LocalMysqlUser}</argument>
            <argument>${LocalMysqlPass}</argument>
            <argument>Mysql_hive_archival_table_set2</argument>
            <env-var>HADOOP_USER_NAME=${wf:user()}</env-var>
            <file>${hive_mysql_data_scriptpath}#${hive_mysql_data_scriptname}</file>
            <capture-output/>
        </shell>
        <ok to="check_output_Mysql_hive_archival_table_set2"/>
        <error to="central_log_mysql_hive_archival_set2"/>
    </action>
    <decision name="check_output_Mysql_hive_archival_table_set2">
        <switch>
            <case to="kill">
                ${wf:actionData('Mysql_hive_archival_table_set2')['MySQL_DataArchival'] eq 'FAILED'}
            </case>
            <default to="central_log_mysql_hive_archival_set2"/>
        </switch>
    </decision>
    <action name="central_log_mysql_hive_archival_set2">
        <shell xmlns="uri:oozie:shell-action:0.1">
            <job-tracker>${jobTracker}</job-tracker>
            <name-node>${nameNode}</name-node>
            <configuration>
                <property>
                    <name>oozie.use.system.libpath</name>
                    <value>true</value>
                </property>
                <property>
                    <name>queueName</name>
                    <value>default</value>
                </property>
            </configuration>
            <exec>${central_log_scriptpath}</exec>
            <argument>${wf:id()}</argument>
            <argument>Mysql_hive_archival_table_set2</argument>
            <argument>${wf:actionExternalStatus(wf:lastErrorNode())}</argument>
            <argument>${wf:errorCode(wf:lastErrorNode())}</argument>
            <argument>${wf:errorMessage(wf:lastErrorNode())}</argument>
            <argument>${wf:actionExternalId("Mysql_hive_archival_table_set2")}</argument>
            <argument>${hiveHostName}</argument>
            <argument>${hivePortNo}</argument>
            <argument>${hiveUserName}</argument>
            <argument>${hivePassCode}</argument>
            <argument>${impalaPortNo}</argument>
            <argument>${LocalMysqlHostAddress} </argument>
            <argument>${LocalMysqlUser} </argument>
            <argument>${LocalMysqlPass} </argument>
            <env-var>HADOOP_USER_NAME=${wf:user()}</env-var>
            <file>${central_log_scriptpath}#${central_log_scriptname}</file>
            <capture-output/>
        </shell>
        <ok to="check_output_central_log_mysql_hive_archival_set2"/>
        <error to="kill"/>
    </action>

    <decision name="check_output_central_log_mysql_hive_archival_set2">
        <switch>
            <case to="kill">
                ${wf:actionData('central_log_mysql_hive_archival_set2')['Previous_Action'] eq 'FAILED'}
            </case>
            <default to="join_archival_data_action"/>
        </switch>
    </decision>
	
<!--########################################## Fork Mysql_hive_archival job two End ##########################################--> 

<!--################################ Fork Mysql_hive_archival job three Started ##########################################-->   
    
    <action name="Mysql_hive_archival_table_set3">
        <shell xmlns="uri:oozie:shell-action:0.2">
            <job-tracker>${jobTracker}</job-tracker>
            <name-node>${nameNode}</name-node>
            <configuration>
                <property>
                    <name>mapred.job.queue.name</name>
                    <value>${queueName}</value>
                </property>
            </configuration>
            <exec>${hive_mysql_data_scriptpath}</exec>
            <argument>${wf:id()}         </argument>
            <argument>${hiveHostName}    </argument>
            <argument>${hivePortNo}      </argument>
            <argument>${hiveUserName}    </argument>
            <argument>${hivePassCode}    </argument>
            <argument>${hive_script_path}</argument>
            <argument>${MAtableNameList3}</argument>
            <argument>${impalaPortNo}</argument>
            <argument>${beeline_driver}</argument>
            <argument>${hive_principal}</argument>
            <argument>${LocalMysqlHostAddress}</argument>
            <argument>${LocalMysqlUser}</argument>
            <argument>${LocalMysqlPass}</argument>
            <argument>Mysql_hive_archival_table_set3</argument>
            <env-var>HADOOP_USER_NAME=${wf:user()}</env-var>
            <file>${hive_mysql_data_scriptpath}#${hive_mysql_data_scriptname}</file>
            <capture-output/>
        </shell>
        <ok to="check_output_Mysql_hive_archival_table_set3"/>
        <error to="central_log_mysql_hive_archival_set3"/>
    </action>
    <decision name="check_output_Mysql_hive_archival_table_set3">
        <switch>
            <case to="kill">
                ${wf:actionData('Mysql_hive_archival_table_set3')['MySQL_DataArchival'] eq 'FAILED'}
            </case>
            <default to="central_log_mysql_hive_archival_set3"/>
        </switch>
    </decision>
    <action name="central_log_mysql_hive_archival_set3">
        <shell xmlns="uri:oozie:shell-action:0.1">
            <job-tracker>${jobTracker}</job-tracker>
            <name-node>${nameNode}</name-node>
            <configuration>
                <property>
                    <name>oozie.use.system.libpath</name>
                    <value>true</value>
                </property>
                <property>
                    <name>queueName</name>
                    <value>default</value>
                </property>
            </configuration>
            <exec>${central_log_scriptpath}</exec>
            <argument>${wf:id()}</argument>
            <argument>Mysql_hive_archival_table_set3</argument>
            <argument>${wf:actionExternalStatus(wf:lastErrorNode())}</argument>
            <argument>${wf:errorCode(wf:lastErrorNode())}</argument>
            <argument>${wf:errorMessage(wf:lastErrorNode())}</argument>
            <argument>${wf:actionExternalId("Mysql_hive_archival_table_set3")}</argument>
            <argument>${hiveHostName}</argument>
            <argument>${hivePortNo}</argument>
            <argument>${hiveUserName}</argument>
            <argument>${hivePassCode}</argument>
            <argument>${impalaPortNo}</argument>
            <argument>${LocalMysqlHostAddress} </argument>
            <argument>${LocalMysqlUser} </argument>
            <argument>${LocalMysqlPass} </argument>
            <env-var>HADOOP_USER_NAME=${wf:user()}</env-var>
            <file>${central_log_scriptpath}#${central_log_scriptname}</file>
            <capture-output/>
        </shell>
        <ok to="check_output_central_log_mysql_hive_archival_set3"/>
        <error to="kill"/>
    </action>

    <decision name="check_output_central_log_mysql_hive_archival_set3">
        <switch>
            <case to="kill">
                ${wf:actionData('central_log_mysql_hive_archival_set3')['Previous_Action'] eq 'FAILED'}
            </case>
            <default to="join_archival_data_action"/>
        </switch>
    </decision>
	
<!--########################################## Fork Mysql_hive_archival job three End ##########################################--> 
    

<!--################################ Fork Mysql_hive_archival job four Started ##########################################-->   
    
    <action name="Mysql_hive_archival_table_set4">
        <shell xmlns="uri:oozie:shell-action:0.2">
            <job-tracker>${jobTracker}</job-tracker>
            <name-node>${nameNode}</name-node>
            <configuration>
                <property>
                    <name>mapred.job.queue.name</name>
                    <value>${queueName}</value>
                </property>
            </configuration>
            <exec>${hive_mysql_data_scriptpath}</exec>
            <argument>${wf:id()}         </argument>
            <argument>${hiveHostName}    </argument>
            <argument>${hivePortNo}      </argument>
            <argument>${hiveUserName}    </argument>
            <argument>${hivePassCode}    </argument>
            <argument>${hive_script_path}</argument>
            <argument>${MAtableNameList4}</argument>
            <argument>${impalaPortNo}</argument>
            <argument>${beeline_driver}</argument>
            <argument>${hive_principal}</argument>
            <argument>${LocalMysqlHostAddress}</argument>
            <argument>${LocalMysqlUser}</argument>
            <argument>${LocalMysqlPass}</argument>
            <argument>Mysql_hive_archival_table_set4</argument>
            <env-var>HADOOP_USER_NAME=${wf:user()}</env-var>
            <file>${hive_mysql_data_scriptpath}#${hive_mysql_data_scriptname}</file>
            <capture-output/>
        </shell>
        <ok to="check_output_Mysql_hive_archival_table_set4"/>
        <error to="central_log_mysql_hive_archival_set4"/>
    </action>
    <decision name="check_output_Mysql_hive_archival_table_set4">
        <switch>
            <case to="kill">
                ${wf:actionData('Mysql_hive_archival_table_set4')['MySQL_DataArchival'] eq 'FAILED'}
            </case>
            <default to="central_log_mysql_hive_archival_set4"/>
        </switch>
    </decision>
    <action name="central_log_mysql_hive_archival_set4">
        <shell xmlns="uri:oozie:shell-action:0.1">
            <job-tracker>${jobTracker}</job-tracker>
            <name-node>${nameNode}</name-node>
            <configuration>
                <property>
                    <name>oozie.use.system.libpath</name>
                    <value>true</value>
                </property>
                <property>
                    <name>queueName</name>
                    <value>default</value>
                </property>
            </configuration>
            <exec>${central_log_scriptpath}</exec>
            <argument>${wf:id()}</argument>
            <argument>Mysql_hive_archival_table_set4</argument>
            <argument>${wf:actionExternalStatus(wf:lastErrorNode())}</argument>
            <argument>${wf:errorCode(wf:lastErrorNode())}</argument>
            <argument>${wf:errorMessage(wf:lastErrorNode())}</argument>
            <argument>${wf:actionExternalId("Mysql_hive_archival_table_set4")}</argument>
            <argument>${hiveHostName}</argument>
            <argument>${hivePortNo}</argument>
            <argument>${hiveUserName}</argument>
            <argument>${hivePassCode}</argument>
            <argument>${impalaPortNo}</argument>
            <argument>${LocalMysqlHostAddress} </argument>
            <argument>${LocalMysqlUser} </argument>
            <argument>${LocalMysqlPass} </argument>
            <env-var>HADOOP_USER_NAME=${wf:user()}</env-var>
            <file>${central_log_scriptpath}#${central_log_scriptname}</file>
            <capture-output/>
        </shell>
        <ok to="check_output_central_log_mysql_hive_archival_set4"/>
        <error to="kill"/>
    </action>

    <decision name="check_output_central_log_mysql_hive_archival_set4">
        <switch>
            <case to="kill">
                ${wf:actionData('central_log_mysql_hive_archival_set4')['Previous_Action'] eq 'FAILED'}
            </case>
            <default to="join_archival_data_action"/>
        </switch>
    </decision>
	
<!--########################################## Fork Mysql_hive_archival job four End ##########################################--> 
    

<!--################################ Fork Mysql_hive_archival job five Started ##########################################-->   
    
    <action name="Mysql_hive_archival_table_set5">
        <shell xmlns="uri:oozie:shell-action:0.2">
            <job-tracker>${jobTracker}</job-tracker>
            <name-node>${nameNode}</name-node>
            <configuration>
                <property>
                    <name>mapred.job.queue.name</name>
                    <value>${queueName}</value>
                </property>
            </configuration>
            <exec>${hive_mysql_data_scriptpath}</exec>
            <argument>${wf:id()}         </argument>
            <argument>${hiveHostName}    </argument>
            <argument>${hivePortNo}      </argument>
            <argument>${hiveUserName}    </argument>
            <argument>${hivePassCode}    </argument>
            <argument>${hive_script_path}</argument>
            <argument>${MAtableNameList5}</argument>
            <argument>${impalaPortNo}</argument>
            <argument>${beeline_driver}</argument>
            <argument>${hive_principal}</argument>
            <argument>${LocalMysqlHostAddress}</argument>
            <argument>${LocalMysqlUser}</argument>
            <argument>${LocalMysqlPass}</argument>
            <argument>Mysql_hive_archival_table_set5</argument>
            <env-var>HADOOP_USER_NAME=${wf:user()}</env-var>
            <file>${hive_mysql_data_scriptpath}#${hive_mysql_data_scriptname}</file>
            <capture-output/>
        </shell>
        <ok to="check_output_Mysql_hive_archival_table_set5"/>
        <error to="central_log_mysql_hive_archival_set5"/>
    </action>
    <decision name="check_output_Mysql_hive_archival_table_set5">
        <switch>
            <case to="kill">
                ${wf:actionData('Mysql_hive_archival_table_set5')['MySQL_DataArchival'] eq 'FAILED'}
            </case>
            <default to="central_log_mysql_hive_archival_set5"/>
        </switch>
    </decision>
    <action name="central_log_mysql_hive_archival_set5">
        <shell xmlns="uri:oozie:shell-action:0.1">
            <job-tracker>${jobTracker}</job-tracker>
            <name-node>${nameNode}</name-node>
            <configuration>
                <property>
                    <name>oozie.use.system.libpath</name>
                    <value>true</value>
                </property>
                <property>
                    <name>queueName</name>
                    <value>default</value>
                </property>
            </configuration>
            <exec>${central_log_scriptpath}</exec>
            <argument>${wf:id()}</argument>
            <argument>Mysql_hive_archival_table_set5</argument>
            <argument>${wf:actionExternalStatus(wf:lastErrorNode())}</argument>
            <argument>${wf:errorCode(wf:lastErrorNode())}</argument>
            <argument>${wf:errorMessage(wf:lastErrorNode())}</argument>
            <argument>${wf:actionExternalId("Mysql_hive_archival_table_set5")}</argument>
            <argument>${hiveHostName}</argument>
            <argument>${hivePortNo}</argument>
            <argument>${hiveUserName}</argument>
            <argument>${hivePassCode}</argument>
            <argument>${impalaPortNo}</argument>
            <argument>${LocalMysqlHostAddress} </argument>
            <argument>${LocalMysqlUser} </argument>
            <argument>${LocalMysqlPass} </argument>
            <env-var>HADOOP_USER_NAME=${wf:user()}</env-var>
            <file>${central_log_scriptpath}#${central_log_scriptname}</file>
            <capture-output/>
        </shell>
        <ok to="check_output_central_log_mysql_hive_archival_set5"/>
        <error to="kill"/>
    </action>

    <decision name="check_output_central_log_mysql_hive_archival_set5">
        <switch>
            <case to="kill">
                ${wf:actionData('central_log_mysql_hive_archival_set5')['Previous_Action'] eq 'FAILED'}
            </case>
            <default to="join_archival_data_action"/>
        </switch>
    </decision>
	
<!-- ########################################## Fork Mysql_hive_archival job five End ########################################## --> 
 
<!-- ########################################## Fork Mysql_hive_archival job six Started ##########################################-->   
    
    <action name="Mysql_hive_archival_table_set6">
        <shell xmlns="uri:oozie:shell-action:0.2">
            <job-tracker>${jobTracker}</job-tracker>
            <name-node>${nameNode}</name-node>
            <configuration>
                <property>
                    <name>mapred.job.queue.name</name>
                    <value>${queueName}</value>
                </property>
            </configuration>
            <exec>${hive_mysql_data_scriptpath}</exec>
            <argument>${wf:id()}         </argument>
            <argument>${hiveHostName}    </argument>
            <argument>${hivePortNo}      </argument>
            <argument>${hiveUserName}    </argument>
            <argument>${hivePassCode}    </argument>
            <argument>${hive_script_path}</argument>
            <argument>${MAtableNameList6}</argument>
            <argument>${impalaPortNo}</argument>
            <argument>${beeline_driver}</argument>
            <argument>${hive_principal}</argument>
            <argument>${LocalMysqlHostAddress}</argument>
            <argument>${LocalMysqlUser}</argument>
            <argument>${LocalMysqlPass}</argument>
            <argument>Mysql_hive_archival_table_set6</argument>
            <env-var>HADOOP_USER_NAME=${wf:user()}</env-var>
            <file>${hive_mysql_data_scriptpath}#${hive_mysql_data_scriptname}</file>
            <capture-output/>
        </shell>
        <ok to="check_output_Mysql_hive_archival_table_set6"/>
        <error to="central_log_mysql_hive_archival_set6"/>
    </action>
    <decision name="check_output_Mysql_hive_archival_table_set6">
        <switch>
            <case to="kill">
                ${wf:actionData('Mysql_hive_archival_table_set6')['MySQL_DataArchival'] eq 'FAILED'}
            </case>
            <default to="central_log_mysql_hive_archival_set6"/>
        </switch>
    </decision>
    <action name="central_log_mysql_hive_archival_set6">
        <shell xmlns="uri:oozie:shell-action:0.1">
            <job-tracker>${jobTracker}</job-tracker>
            <name-node>${nameNode}</name-node>
            <configuration>
                <property>
                    <name>oozie.use.system.libpath</name>
                    <value>true</value>
                </property>
                <property>
                    <name>queueName</name>
                    <value>default</value>
                </property>
            </configuration>
            <exec>${central_log_scriptpath}</exec>
            <argument>${wf:id()}</argument>
            <argument>Mysql_hive_archival_table_set6</argument>
            <argument>${wf:actionExternalStatus(wf:lastErrorNode())}</argument>
            <argument>${wf:errorCode(wf:lastErrorNode())}</argument>
            <argument>${wf:errorMessage(wf:lastErrorNode())}</argument>
            <argument>${wf:actionExternalId("Mysql_hive_archival_table_set6")}</argument>
            <argument>${hiveHostName}</argument>
            <argument>${hivePortNo}</argument>
            <argument>${hiveUserName}</argument>
            <argument>${hivePassCode}</argument>
            <argument>${impalaPortNo}</argument>
            <argument>${LocalMysqlHostAddress} </argument>
            <argument>${LocalMysqlUser} </argument>
            <argument>${LocalMysqlPass} </argument>
            <env-var>HADOOP_USER_NAME=${wf:user()}</env-var>
            <file>${central_log_scriptpath}#${central_log_scriptname}</file>
            <capture-output/>
        </shell>
        <ok to="check_output_central_log_mysql_hive_archival_set6"/>
        <error to="kill"/>
    </action>

    <decision name="check_output_central_log_mysql_hive_archival_set6">
        <switch>
            <case to="kill">
                ${wf:actionData('central_log_mysql_hive_archival_set6')['Previous_Action'] eq 'FAILED'}
            </case>
            <default to="join_archival_data_action"/>
        </switch>
    </decision>

<!-- ########################################## Fork Mysql_hive_archival job six Started ##########################################-->  
	
<!-- ########################################## Fork Socio data archival job Started ##########################################-->   
	
	<action name="archive_socio_data">
        <shell xmlns="uri:oozie:shell-action:0.2">
            <job-tracker>${jobTracker}</job-tracker>
            <name-node>${nameNode}</name-node>
            <configuration>
                <property>
                    <name>mapred.job.queue.name</name>
                    <value>${queueName}</value>
                </property>
            </configuration>
            <exec>${hive_socio_data_scriptpath}</exec>
            <argument>${wf:id()}         </argument>
            <argument>${hiveHostName}    </argument>
            <argument>${hivePortNo}      </argument>
            <argument>${hiveUserName}    </argument>
            <argument>${hivePassCode}    </argument>
            <argument>${hive_script_path}</argument>
            <argument>${json_jar_path}</argument>
            <argument>${impalaPortNo}</argument>
            <argument>${LocalMysqlHostAddress}</argument>
            <argument>${LocalMysqlUser}</argument>
            <argument>${LocalMysqlPass}</argument>
            <env-var>HADOOP_USER_NAME=${wf:user()}</env-var>
            <file>${hive_socio_data_scriptpath}#${hive_socio_data_scriptname}</file>
            <capture-output/>
        </shell>
        <ok to="check_output_socio"/>
        <error to="central_log_archive_socio_data"/>
    </action>
    <decision name="check_output_socio">
        <switch>
            <case to="kill">
                ${wf:actionData('Socio_hive_archival')['Social_DataArchival'] eq 'FAILED'}
            </case>
            <default to="central_log_archive_socio_data"/>
        </switch>
    </decision>
    <action name="central_log_archive_socio_data">
        <shell xmlns="uri:oozie:shell-action:0.1">
            <job-tracker>${jobTracker}</job-tracker>
            <name-node>${nameNode}</name-node>
            <configuration>
                <property>
                    <name>oozie.use.system.libpath</name>
                    <value>true</value>
                </property>
                <property>
                    <name>queueName</name>
                    <value>default</value>
                </property>
            </configuration>
            <exec>${central_log_scriptpath}</exec>
              <argument>${wf:id()}</argument>
              <argument>archive_socio_data</argument>
              <argument>${wf:actionExternalStatus(wf:lastErrorNode())}</argument>
              <argument>${wf:errorCode(wf:lastErrorNode())}</argument>
              <argument>${wf:errorMessage(wf:lastErrorNode())}</argument>
              <argument>${wf:actionExternalId("archive_socio_data")}</argument>
              <argument>${hiveHostName}</argument>
              <argument>${hivePortNo}</argument>
              <argument>${hiveUserName}</argument>
              <argument>${hivePassCode}</argument>
              <argument>${impalaPortNo}</argument>
              <argument>${LocalMysqlHostAddress} </argument>
              <argument>${LocalMysqlUser} </argument>
              <argument>${LocalMysqlPass} </argument>
            <env-var>HADOOP_USER_NAME=${wf:user()}</env-var>
            <file>${central_log_scriptpath}#${central_log_scriptname}</file>
            <capture-output/>
        </shell>
       <ok to="check_output_central_log6"/>
        <error to="kill"/>
    </action>
    <decision name="check_output_central_log6">
        <switch>
            <case to="kill">
                ${wf:actionData('central_log_archive_socio_data')['Previous_Action'] eq 'FAILED'}
            </case>
            <default to="join_archival_data_action"/>
        </switch>
    </decision>
	
<!-- ########################################## Fork Socio data archival job Started ##########################################--> 
<!-- ########################################## update_workflow_status job Started ##########################################--> 

    <action name="update_workflow_status">
        <shell xmlns="uri:oozie:shell-action:0.2">
            <job-tracker>${jobTracker}</job-tracker>
            <name-node>${nameNode}</name-node>
            <configuration>
                <property>
                    <name>mapred.job.queue.name</name>
                    <value>${queueName}</value>
                </property>
            </configuration>
            <exec>${update_wf_status_scriptpath}</exec>
            <argument>${wf:id()}         </argument>
            <argument>${hiveHostName}    </argument>
            <argument>${hivePortNo}      </argument>
            <argument>${hiveUserName}    </argument>
            <argument>${hivePassCode}    </argument>
            <argument>${LocalMysqlHostAddress}    </argument>
            <argument>${LocalMysqlUser}    </argument>
            <argument>${LocalMysqlPass}    </argument>
            <env-var>HADOOP_USER_NAME=${wf:user()}</env-var>
            <file>${update_wf_status_scriptpath}#${update_wf_status_scriptname}</file>
        </shell>
        <ok to="end"/>
        <error to="kill"/>
    </action>
    <kill name="kill">
        <message>Action failed, error message[${wf:errorMessage(wf:lastErrorNode())}]</message>
    </kill>
    <end name="end"/>
</workflow-app>

